"","nom","pop_density"
"1","Aketi",12.9823573078756
"2","Ango",4.80113823843538
"3","Bili (Bas-Uele)",3.65185125255871
"4","Bondo",19.1861189935571
"5","Buta",27.7585572369817
"6","Ganga",25.738168120032
"7","Likati",12.4538500380421
"8","Monga",19.2474198006467
"9","Poko",11.7263007633211
"10","Titule",8.70494068308215
"11","Viadana",49.7175898171526
"12","Aba",62.1917395428462
"13","Boma Mangbetu",150.604080538261
"14","Doruma",5.50183473415572
"15","Dungu",16.2983232640934
"16","Faradje",32.2610739460884
"17","Gombari",13.6663979836201
"18","Isiro",157.173190370321
"19","Niangara",18.8090020759711
"20","Pawa",164.129314559507
"21","Rungu",39.4587478568211
"22","Wamba",32.9959663235373
"23","Makoro",54.9540289610881
"24","Watsa",68.4134818557312
"25","Basankusu",20.3372735295259
"26","Bikoro",43.1094455324918
"27","Bolenge",53.4910491678992
"28","Bolomba",18.5598300710018
"29","Bomongo",12.5487611844892
"30","Djombo",20.2352606082873
"31","Iboko",36.7395624682297
"32","Ingende",27.5014988768881
"33","Irebu",13.1994692353429
"34","Lilanga Bobangi",6.04088450104602
"35","Lotumbe",8.93504079691987
"36","Lukolela",26.463842362896
"37","Makanza",14.6380579533627
"38","Mampoko",13.1349036048055
"39","Mbandaka",161.832200449526
"40","Monieka",8.44184497232254
"41","Ntondo",19.1862365171698
"42","Wangata",1102.56203680556
"43","Kambove",90.9300159249948
"44","Kapolowe",45.8427455335599
"45","Kikula",2787.59705179543
"46","Kilela Balanda",4.94219998378847
"47","Likasi",3981.00883905267
"48","Mitwaba",8.86995277141782
"49","Mufunga Sampwe",9.15210798438523
"50","Panda",717.533825711675
"51","Kafubu",20.8782870269998
"52","Kamalondo",12735.4546458465
"53","Kampemba",7473.6219386663
"54","Kasenga",24.5588578497139
"55","Kashobwe",15.2831781998332
"56","Katuba",11013.1344131094
"57","Kenya",1522.16466612784
"58","Kilwa",21.6349337127404
"59","Kipushi",86.5098818885649
"60","Kisanga",1700.07137603748
"61","Kowe",7445.19186351818
"62","Lubumbashi",3254.31824974067
"63","Lukafu",10.0363584429704
"64","Mumbunda",3624.35093462498
"65","Pweto",14.5956202526734
"66","Ruashi",2722.35946700977
"67","Sakania",18.0716905053921
"68","Tshamilemba",10337.4894657721
"69","Vangu",2407.76591412734
"70","Bukama",55.0240175292166
"71","Butumba",18.2304252899251
"72","Kabondo Dianda",53.7053286506
"73","Kinkondja",35.232585876238
"74","Lwamba",26.6936230305768
"75","Malemba Nkulu",169.576845171861
"76","Mukanga",48.3189125100111
"77","Mulongo",48.3376343935126
"78","Baka",216.966341527058
"79","Kabongo",38.5983080661306
"80","Kamina",40.4290149274013
"81","Kaniama",20.8357774888112
"82","Kayamba",27.7984676466443
"83","Kinda",3.48372429161733
"84","Kitenge",31.8992332561184
"85","Songa",7.50333280569769
"86","Adi",264.705086454213
"87","Adja",180.2161060734
"88","Angumu",418.959599521306
"89","Ariwara",472.552156473714
"90","Aru",339.239633491485
"91","Aungba",171.063075277196
"92","Biringi",83.0784480796211
"93","Kambala",113.635589703185
"94","Laybo",143.933856357625
"95","Logo",557.063799173426
"96","Mahagi",667.021055254224
"97","Nyarambe",566.105483014914
"98","Rimba",475.541098374732
"99","Bambu",293.755113499808
"100","Boga",73.1151310342453
"101","Bunia",4336.1457340514
"102","Damas",53.1851080273012
"103","Drodro",349.734033181171
"104","Fataki",374.843916988277
"105","Gety",86.0299313935469
"106","Jiba",218.661338075381
"107","Kilo",107.546199583958
"108","Komanda",69.5013595444792
"109","Linga",262.344407433916
"110","Lita",228.628253664484
"111","Lolwa",8.68092115622124
"112","Mambasa",9.38305119840287
"113","Mandima",45.9588924986637
"114","Mangala",162.268440527417
"115","Mongbwalu",49.26880991961
"116","Nia Nia",12.2620174888054
"117","Nizi",671.566862038288
"118","Nyankunde",100.872453475923
"119","Rethy",324.22621759422
"120","Rwampara",378.392262151519
"121","Tchomia",228.779480612625
"122","Bulape",19.4756223129555
"123","Dekese",6.82999666306712
"124","Ilebo",325.57912046148
"125","Kakenge",45.6477884850744
"126","Luebo",56.3955276190338
"127","Mikope",24.2656823330347
"128","Mushenge",19.8946907374737
"129","Mweka",101.28696032703
"130","Ndjoko Mpunda",61.2808366042285
"131","Banga Lubaka",22.0693907615084
"132","Kalonda Ouest",98.5393868690026
"133","Kamonia",49.1315578766871
"134","Kamwesha",82.122309352868
"135","Kanzala",479.227230667426
"136","Kitangwa",21.5344303827462
"137","Mutena",53.1556243033182
"138","Nyanga",58.9925371471958
"139","Tshikapa",211.018680738588
"140","Bena Leka",67.839361033034
"141","Bena Tshadi",30.0328063321637
"142","Bilomba",105.882599040813
"143","Bobozo",550.141889879756
"144","Bunkonde",60.0380229420344
"145","Demba",100.648929737855
"146","Dibaya",116.29293573509
"147","Kananga",1233.07333019698
"148","Katende",48.7268818679204
"149","Katoka",3287.61096650815
"150","Lubondaie",54.3096875603082
"151","Lubunga (Kasaï-Central)",45.6575162680737
"152","Lukonga",322.118815623776
"153","Mikalayi",81.3567807667986
"154","Muetshi",46.6696131445815
"155","Mutoto",56.194813603427
"156","Ndekesha",59.9701623519999
"157","Ndesha",835.473621306317
"158","Tshikaji",439.607683434395
"159","Tshikula",64.5558187249356
"160","Kalomba",73.4407460046288
"161","Luambo",58.9467602158024
"162","Luiza",82.6605975399539
"163","Masuika",135.035311161023
"164","Tshibala",84.6680318938055
"165","Yangala",30.4879602319464
"166","Bibanga",125.745781299213
"167","Bipemba",13200.6117295984
"168","Bonzola",13411.6106347968
"169","Cilundu",173.147070685043
"170","Citenge",772.937039698006
"171","Dibindi",30606.0199319408
"172","Diulu",22322.2746345137
"173","Kabeya Kamwanga",104.721743755331
"174","Kansele",33047.062478008
"175","Kasansa",238.64781717475
"176","Lubilanji",35903.9547102235
"177","Lukelenge",11051.6962995408
"178","Miabi",307.862790017503
"179","Mpokolo",3798.32545576395
"180","Mukumbi",134.48182856
"181","Muya",16656.3102309554
"182","Nzaba",7821.66972629281
"183","Tshilenge",486.074612073848
"184","Tshishimbi",274.688887291628
"185","Bumbu",33223.2261555083
"186","Kalamu 1",29356.155751717
"187","Kalamu 2",29368.0522743599
"188","Kasa Vubu",26033.5464032383
"189","Kingabwa",19435.0065106993
"190","Kisenso",24790.7169104155
"191","Lemba",24891.0112198877
"192","Limete",22229.8992985158
"193","Makala",30565.7003880199
"194","Matete",30030.0848811163
"195","Ngaba",34865.5164124915
"196","Ngiri Ngiri",33088.7349978813
"197","Biyela",14235.427827121
"198","Kikimi",15280.7057234908
"199","Kimbanseke",13227.5655001545
"200","Kingasani",32923.4001018986
"201","Maluku 1",102.685119418644
"202","Maluku 2",37.171633712605
"203","Masina 1",25022.4666226619
"204","Masina 2",24715.0075523494
"205","Ndjili",28772.4374509002
"206","Nsele",966.977388802684
"207","Bandalungwa",31496.0265813241
"208","Barumbu",28307.5125273445
"209","Binza Meteo",19960.1185615852
"210","Binza Ozone",17028.754947971
"211","Gombe",18596.5091258681
"212","Kinshasa",32019.878252793
"213","Kintambo",32027.8883156182
"214","Kokolo",22589.6938226243
"215","Lingwala",29686.7358057221
"216","Mont Ngafula 1",2398.78917349453
"217","Mont Ngafula 2",5620.78334421076
"218","Police",16768.3503452242
"219","Selembao",23843.6493866617
"220","Boma",3487.71880625628
"221","Boma Bungu",52.940007896912
"222","Kangu",266.84486975111
"223","Kinkonzi",129.388907857462
"224","Kitona",53.7571125711252
"225","Kizu",386.623615196494
"226","Kuimba",228.667672314186
"227","Lukula",158.264983112768
"228","Muanda",443.651955986946
"229","Tshela",230.004377797711
"230","Vaku",174.922766057891
"231","Inga",122.562729365482
"232","Kibunzi",33.2384689637489
"233","Luozi",80.9597964809423
"234","Mangembo",66.5883120227908
"235","Matadi",2938.30677510172
"236","Nsona Mpangu",53.8643464808214
"237","Nzanza",11183.4943909629
"238","Seke Banza",148.786490643459
"239","Boko Kivulu",165.142339669862
"240","Gombe Matadi",65.931433603502
"241","Kimpangu",110.313183299099
"242","Kimpese",103.14469119084
"243","Kimvula",44.396724559121
"244","Kisantu",314.036148100414
"245","Kwilu Ngongo",174.350890794557
"246","Massa",121.533726352113
"247","Mbanza Ngungu",570.000336435547
"248","Ngidinga",62.2839849098705
"249","Nselo",39.334412820479
"250","Sona Bata",56.3313154034514
"251","Kahemba",20.0367161791572
"252","Kajiji",12.6653677469698
"253","Kisanji",22.1485794130795
"254","Panzi",28.8669549292129
"255","Tembo",19.0156511216556
"256","Boko",33.0084950558999
"257","Feshi",29.6765048185068
"258","Kasongo Lunda",49.0046961069622
"259","Kenge",92.5565284374165
"260","Kimbao",46.2190308514955
"261","Kitenda",32.6819606599558
"262","Mwela Lembwa",28.3623078192089
"263","Popokabaka",45.9463841098082
"264","Wamba Lwadi",83.0807527386354
"265","Bagata",48.9614338562626
"266","Bandundu",197.965238238866
"267","Djuma",106.701626100987
"268","Kikongo",38.5378113275749
"269","Sia",63.8542026677682
"270","Vanga",204.557783284186
"271","Bulungu",140.812682743334
"272","Gungu",86.9223136352829
"273","Idiofa",119.469590594542
"274","Ipamu",115.606520288637
"275","Kikwit Nord",3124.49248036381
"276","Kikwit Sud",3704.91522684507
"277","Kimputu",79.9863998878976
"278","Kingandu",40.0422431224644
"279","Koshibanda",76.4233962787888
"280","Lusanga",115.878447978589
"281","Masi Manimba",117.836845670326
"282","Moanza",47.4741772229573
"283","Mokala",99.6747762688536
"284","Mosango",84.5805174938192
"285","Mukedi",77.5097037031147
"286","Mungindu",71.4773311846516
"287","Pay Kongila",76.9069568061478
"288","Yasa Bonga",141.472066750351
"289","Kabinda",65.7658892879149
"290","Kalambayi Kabanga",41.2595294928852
"291","Kalonda Est",30.3174704154483
"292","Kamana",17.4633331947013
"293","Lubao",22.0450790380465
"294","Ludimbi Lukula",26.26880712188
"295","Mulumba",297.686124094834
"296","Ngandajika",251.519245170934
"297","Tshofa",27.8029460424932
"298","Kalenda",55.0692880231436
"299","Kamiji",63.3155438752222
"300","Kanda Kanda",76.706267760181
"301","Luputa",89.0010778519096
"302","Makota",4850.13798351415
"303","Mweneditu",562.242122066691
"304","Wikong",161.534680203824
"305","Dilolo",20.6529288481672
"306","Kafakumba",9.67514215939618
"307","Kalamba",9.29977157776285
"308","Kapanga",13.294885962062
"309","Kasaji",15.4784906063989
"310","Sandoa",11.2090193402205
"311","Bunkeya",18.9258065117392
"312","Dilala",625.4938005252
"313","Fungurume",100.26140806543
"314","Kanzenze",24.1723175226403
"315","Lualaba",36.8539263611165
"316","Lubudi",9.75819189106503
"317","Manika",4352.91397580947
"318","Mutshatsha",2.84618886789976
"319","Banzow Moke",34.8384083953639
"320","Inongo",17.0918927793975
"321","Kiri",14.0214565114641
"322","Mimia",2.86479695045831
"323","Ntandembelo",41.7695837612753
"324","Oshwe",11.0839907405443
"325","Pendjwa",20.7337418188932
"326","Yumbi",66.7520668451844
"327","Bokoro",34.1628936436141
"328","Bolobo",40.9850708963563
"329","Bosobe",53.2009540372062
"330","Kwamouth",13.0634693630182
"331","Mushie",21.8435425159558
"332","Nioki",37.3232974320274
"333","Kabambare",9.29193777491378
"334","Kampene",33.32054203444
"335","Kasongo",123.974561692419
"336","Kibombo",15.9372125696467
"337","Kunda",47.7335875329374
"338","Lusangi",34.0410256569735
"339","Saramabila",71.5014940410258
"340","Tunda",5.11084806015917
"341","Alunguli",316.941556539143
"342","Kailo",8.65700559897001
"343","Kalima",50.5985747944291
"344","Kindu",1380.84931609787
"345","Pangi",18.3400588287856
"346","Samba",22.3704498389483
"347","Ferekeni",8.81981221538759
"348","Lubutu",13.8068575994608
"349","Obokote",10.4766266279251
"350","Punia",15.060725838608
"351","Bumba",1046.55185342892
"352","Lolo",61.2825710094525
"353","Yamaluka",87.3775123396329
"354","Yambuku",59.0415331929347
"355","Yamongili",48.3400807773712
"356","Binga",44.8502577878632
"357","Bongandanga",7.36422446272451
"358","Boso Manzi",31.7464880814703
"359","Boso Mondanda",27.1927468781412
"360","Bosondjo",30.834154269269
"361","Lisala",66.2301120302151
"362","Pimu",38.4011792519494
"363","Alimbongo",80.1216286626615
"364","Beni",583.694814150159
"365","Biena",117.808492237836
"366","Butembo",3648.62216219997
"367","Kalunguta",217.291453102909
"368","Kamango",120.809447696771
"369","Katwa",7809.37779884317
"370","Kyondo",287.209696136707
"371","Lubero",171.487626671977
"372","Mabalako",224.427753196912
"373","Manguredjipa",9.59707431221604
"374","Masereka",859.910963009083
"375","Musienene",272.413057812586
"376","Mutwanga",164.669385030576
"377","Oicha",217.407676331775
"378","Vuhovi",380.412706373374
"379","Bambo",160.925384497737
"380","Binza",158.19428305996
"381","Birambizo",247.96652725493
"382","Goma",8413.39578071933
"383","Itebero",16.7048975997448
"384","Karisimbi",8149.33562491542
"385","Katoyi",272.002275090484
"386","Kayna",306.817765415359
"387","Kibirizi",136.222944385906
"388","Kibua",30.2978812944334
"389","Kirotshe",585.226387370459
"390","Masisi",292.049090334141
"391","Mweso",285.769674364967
"392","Nyiragongo",622.757397486925
"393","Pinga",12.6220404039282
"394","Rutshuru",444.17166355212
"395","Rwanguba",435.830230696316
"396","Walikale",26.9115902179874
"397","Abuzi",12.7789040762929
"398","Bili (Nord-Ubangi)",33.1600961706688
"399","Bosobolo",32.1511944480243
"400","Businga",26.2865608567362
"401","Gbadolite",90.6145368961813
"402","Karawa",103.012032599636
"403","Loko",28.7577983085941
"404","Mobayi Mbongo",20.7337936100598
"405","Wapinda",29.013407215729
"406","Wasolo",84.1365408619555
"407","Yakoma",112.912021677579
"408","Bena Dibele",25.1843428648886
"409","Djalo Ndjeka",44.6341727459677
"410","Katako Kombe",12.4132688915065
"411","Kole",15.8674002914226
"412","Lodja",219.725822555666
"413","Lomela",9.16743745216047
"414","Lusambo",25.0938385075311
"415","Omendjadi",33.7848108866019
"416","Ototo",42.5674704498685
"417","Tshudi Loto",6.47840404818003
"418","Vanga Kete",57.3824016096254
"419","Dikungu",35.6903447549347
"420","Minga",21.5627197623005
"421","Pania Mutombo",14.3561281785872
"422","Tshumbe",31.2987201468046
"423","Wembo Nyama",39.6670128311643
"424","Bagira",7891.19223916789
"425","Bunyakiri",98.6647993845181
"426","Ibanda",13572.9959787434
"427","Idjwi",304.394301494444
"428","Kabare",1092.44271033756
"429","Kadutu",19287.640458779
"430","Kalehe",314.473786596325
"431","Kalole",25.3529315537396
"432","Kalonge",142.462351667579
"433","Kamituga",103.467730086128
"434","Kaniola",184.235207126139
"435","Katana",655.350723577269
"436","Kaziba",289.287205826059
"437","Kitutu",53.0583901103373
"438","Lulingu",23.1166178433015
"439","Minova",341.544220470522
"440","Miti Murhesa",722.651452069188
"441","Mubumbano",594.269386797871
"442","Mulungu",16.0759230799651
"443","Mwana",466.604326010076
"444","Mwenga",49.0166822924058
"445","Nyangezi",736.679996924955
"446","Nyantende",2930.27965888669
"447","Shabunda",49.6890591449019
"448","Walungu",1100.06743425272
"449","Fizi",111.935081082766
"450","Haut Plateau",51.8803470243228
"451","Itombwe",21.2639707546737
"452","Kimbi Lulenge",45.2087973986911
"453","Lemera",299.277771675975
"454","Minembwe",63.830044464795
"455","Nundu",137.215191474683
"456","Ruzizi",345.659221644646
"457","Uvira",1265.93122696188
"458","Bangabola",82.0681449663299
"459","Bogosenubea",45.1870859111776
"460","Bokonzi",33.6261971363392
"461","Bominenge",75.9782737798808
"462","Boto",124.723063285235
"463","Budjala",49.3996771043312
"464","Bulu",60.2272360178151
"465","Bwamanda",124.346970859965
"466","Gemena",313.571038883864
"467","Kungu",71.3751315849379
"468","Libenge",33.446824130204
"469","Mawuya",47.6022601566353
"470","Mbaya",68.7529166708507
"471","Ndage",59.744600742964
"472","Tandala",163.127136061134
"473","Zongo",132.246775040275
"474","Bafwagbogbo",5.28740726029841
"475","Bafwasende",7.39380144081809
"476","Banalia",12.1865280667574
"477","Bengamisa",28.7465615408741
"478","Kabondo",254.467755967296
"479","Lowa",5.44226686386825
"480","Lubunga (Tshopo)",166.304620035818
"481","Makiso Kisangani",2612.01303028921
"482","Mangobo",10516.1642779903
"483","Opala",10.3743037064374
"484","Opienge",2.30292722717259
"485","Tshopo",76.6071233037489
"486","Ubundu",10.1448739133478
"487","Wanierukula",18.4384500693934
"488","Yahisuli",40.1964314730937
"489","Yakusu",48.3295062422069
"490","Yaleko",26.8868930877449
"491","Basali",5.95184108061275
"492","Basoko",45.1570552743534
"493","Isangi",69.3498916751799
"494","Yabaondo",53.3023012558845
"495","Yahuma",11.5681865936901
"496","Yalimbongo",19.2193968074395
"497","Befale",13.3009608143578
"498","Boende",30.6791950057729
"499","Djolu",37.5301096350822
"500","Lingomo",21.7723712403696
"501","Mompono",24.6719180426583
"502","Monkoto",6.49131107798566
"503","Wema",8.95361576089812
"504","Bokungu",26.8282210536574
"505","Busanga",22.1829125808746
"506","Ikela",11.9207030543357
"507","Mondombe",30.2703701923472
"508","Yalifafu",16.4700449941689
"509","Ankoro",22.6370324434467
"510","Kabalo",20.5517918605968
"511","Kalemie",33.6025631222506
"512","Kansimba",14.7489164825387
"513","Kiambi",6.84570761390825
"514","Kongolo",44.1920133627831
"515","Manono",54.2046013171505
"516","Mbulula",72.968432566518
"517","Moba",42.3868905631363
"518","Nyemba",41.8139130428685
"519","Nyunzu",15.3376292516129
