"","nom","pop_count"
"1","Aketi",188784.97504507
"2","Ango",161062.516953773
"3","Bili (Bas-Uele)",63455.8941055952
"4","Bondo",287099.395830722
"5","Buta",274964.429555477
"6","Ganga",235400.828349594
"7","Likati",143525.535225582
"8","Monga",129644.571066835
"9","Poko",222566.327788375
"10","Titule",75789.7317617116
"11","Viadana",187873.133453346
"12","Aba",209106.319414451
"13","Boma Mangbetu",230103.99410288
"14","Doruma",73599.9240577904
"15","Dungu",307762.687829134
"16","Faradje",189406.297303139
"17","Gombari",122901.364838492
"18","Isiro",512401.445787204
"19","Niangara",183370.426719655
"20","Pawa",301767.649654037
"21","Rungu",194803.54298391
"22","Wamba",224757.043756204
"23","Makoro",219858.203470129
"24","Watsa",491575.127054141
"25","Basankusu",223731.320368874
"26","Bikoro",170290.257964631
"27","Bolenge",78746.8993223592
"28","Bolomba",243797.698828819
"29","Bomongo",113867.068999355
"30","Djombo",88330.1152118235
"31","Iboko",108509.869170162
"32","Ingende",159495.15201905
"33","Irebu",30968.5390218537
"34","Lilanga Bobangi",31952.2150468744
"35","Lotumbe",88960.0575380153
"36","Lukolela",184756.830997696
"37","Makanza",126091.882377951
"38","Mampoko",57676.088563158
"39","Mbandaka",245944.726641186
"40","Monieka",60523.3298646003
"41","Ntondo",62453.0409071572
"42","Wangata",219612.114638122
"43","Kambove",240169.132512189
"44","Kapolowe",254178.079614143
"45","Kikula",124013.591285665
"46","Kilela Balanda",67568.3924639751
"47","Likasi",187272.89816674
"48","Mitwaba",86370.7218556452
"49","Mufunga Sampwe",142466.418778593
"50","Panda",112913.035158385
"51","Kafubu",160468.759895723
"52","Kamalondo",17360.9222014527
"53","Kampemba",330311.67598403
"54","Kasenga",178958.745641778
"55","Kashobwe",68880.8527055296
"56","Katuba",76686.3051602902
"57","Kenya",119969.745318355
"58","Kilwa",251857.998062777
"59","Kipushi",226623.577738265
"60","Kisanga",272723.61935739
"61","Kowe",15614.1417429147
"62","Lubumbashi",466505.106652696
"63","Lukafu",120570.48904195
"64","Mumbunda",460166.683389089
"65","Pweto",141814.693708133
"66","Ruashi",297848.051975673
"67","Sakania",355618.815945295
"68","Tshamilemba",195069.44368826
"69","Vangu",42800.3158621834
"70","Bukama",280613.67678199
"71","Butumba",90505.5091986268
"72","Kabondo Dianda",232868.69517815
"73","Kinkondja",154260.386709989
"74","Lwamba",124159.692817295
"75","Malemba Nkulu",324230.955366096
"76","Mukanga",197394.463673508
"77","Mulongo",206004.631700721
"78","Baka",42765.1053975512
"79","Kabongo",367137.281139649
"80","Kamina",394456.225354607
"81","Kaniama",276952.984945556
"82","Kayamba",81853.0566826023
"83","Kinda",55735.2086415003
"84","Kitenge",268573.477874139
"85","Songa",115438.764084538
"86","Adi",285382.989763905
"87","Adja",126933.085370457
"88","Angumu",103692.775872387
"89","Ariwara",314729.737565156
"90","Aru",329667.250619862
"91","Aungba",216786.701892523
"92","Biringi",182556.468725981
"93","Kambala",140955.530533726
"94","Laybo",193238.134637007
"95","Logo",216944.000624231
"96","Mahagi",247892.507379202
"97","Nyarambe",273930.693069733
"98","Rimba",222281.837981453
"99","Bambu",136150.702150578
"100","Boga",72027.6381630724
"101","Bunia",509059.964558102
"102","Damas",94819.6207671287
"103","Drodro",199995.591439985
"104","Fataki",158031.619593787
"105","Gety",143441.825292575
"106","Jiba",75957.2250580462
"107","Kilo",43138.8537156332
"108","Komanda",219948.443294745
"109","Linga",108265.778815376
"110","Lita",113363.824346803
"111","Lolwa",41313.6650766373
"112","Mambasa",150807.291095497
"113","Mandima",286637.325590507
"114","Mangala",89713.4037537278
"115","Mongbwalu",157714.270248931
"116","Nia Nia",91756.1007421439
"117","Nizi",129696.901351642
"118","Nyankunde",94004.2441913015
"119","Rethy",215654.051800221
"120","Rwampara",252324.469993129
"121","Tchomia",83916.9999395966
"122","Bulape",117472.618377183
"123","Dekese",180882.027823332
"124","Ilebo",244883.502511288
"125","Kakenge",171434.32997384
"126","Luebo",300738.03713055
"127","Mikope",262043.880544797
"128","Mushenge",135747.828440484
"129","Mweka",321832.275354075
"130","Ndjoko Mpunda",186468.304239201
"131","Banga Lubaka",96403.2363105294
"132","Kalonda Ouest",286531.227056478
"133","Kamonia",211566.469221412
"134","Kamwesha",390868.276180067
"135","Kanzala",243570.630568916
"136","Kitangwa",171047.44773184
"137","Mutena",140364.507183502
"138","Nyanga",112758.844851415
"139","Tshikapa",427306.039073219
"140","Bena Leka",289577.398379545
"141","Bena Tshadi",89143.3708731262
"142","Bilomba",134825.646130867
"143","Bobozo",30621.524988338
"144","Bunkonde",88982.5398204594
"145","Demba",321071.632061765
"146","Dibaya",169507.058447715
"147","Kananga",424352.138821488
"148","Katende",174275.038911627
"149","Katoka",124400.184204469
"150","Lubondaie",106833.597095142
"151","Lubunga (Kasaï-Central)",101027.379479981
"152","Lukonga",171749.348433384
"153","Mikalayi",291169.089912375
"154","Muetshi",152985.224308144
"155","Mutoto",97268.3663599794
"156","Ndekesha",198301.386136153
"157","Ndesha",84495.5354218001
"158","Tshikaji",193193.949142262
"159","Tshikula",127831.907658763
"160","Kalomba",98934.6244157026
"161","Luambo",261460.091920974
"162","Luiza",292199.429059878
"163","Masuika",298616.855961407
"164","Tshibala",204524.397530274
"165","Yangala",168590.621630443
"166","Bibanga",188866.385396375
"167","Bipemba",151224.74903546
"168","Bonzola",383611.592667324
"169","Cilundu",215471.415822355
"170","Citenge",173933.969911644
"171","Dibindi",144972.122364724
"172","Diulu",197744.213256667
"173","Kabeya Kamwanga",268953.04573713
"174","Kansele",137676.148134355
"175","Kasansa",317450.881536695
"176","Lubilanji",147600.74988946
"177","Lukelenge",202548.365336109
"178","Miabi",178652.344797884
"179","Mpokolo",150855.033389847
"180","Mukumbi",140239.152990333
"181","Muya",153316.260568198
"182","Nzaba",294876.856422085
"183","Tshilenge",266609.210002209
"184","Tshishimbi",154859.871301862
"185","Bumbu",149634.522741717
"186","Kalamu 1",112131.238651686
"187","Kalamu 2",62039.8921901992
"188","Kasa Vubu",86848.245905601
"189","Kingabwa",210597.11484666
"190","Kisenso",384281.354975371
"191","Lemba",354766.350056057
"192","Limete",273288.5204669
"193","Makala",158473.835866704
"194","Matete",142547.645288997
"195","Ngaba",99159.0790948601
"196","Ngiri Ngiri",96937.3300574756
"197","Biyela",320354.470574275
"198","Kikimi",243911.700514198
"199","Kimbanseke",284562.242109534
"200","Kingasani",150898.896770938
"201","Maluku 1",308067.38507671
"202","Maluku 2",191502.100499148
"203","Masina 1",192795.013936046
"204","Masina 2",172917.086228951
"205","Ndjili",266467.595516814
"206","Nsele",975865.445090976
"207","Bandalungwa",134931.594495712
"208","Barumbu",110339.973271712
"209","Binza Meteo",620020.045967439
"210","Binza Ozone",696345.148269534
"211","Gombe",233696.410073972
"212","Kinshasa",98943.4203547149
"213","Kintambo",123231.594358949
"214","Kokolo",215220.565584279
"215","Lingwala",80548.0164546536
"216","Mont Ngafula 1",816861.272853057
"217","Mont Ngafula 2",555780.850112524
"218","Police",38331.0057843536
"219","Selembao",480898.440613706
"220","Boma",371797.04061509
"221","Boma Bungu",128380.955207648
"222","Kangu",241426.778486171
"223","Kinkonzi",139175.064260324
"224","Kitona",23091.6554270169
"225","Kizu",157942.863436293
"226","Kuimba",148865.968632909
"227","Lukula",404576.936065476
"228","Muanda",500397.518219624
"229","Tshela",153280.480360144
"230","Vaku",102793.165484714
"231","Inga",201306.749768966
"232","Kibunzi",80437.8292950872
"233","Luozi",194828.258790905
"234","Mangembo",151391.888025831
"235","Matadi",546510.46926113
"236","Nsona Mpangu",240121.834093003
"237","Nzanza",159856.197152803
"238","Seke Banza",303911.840226613
"239","Boko Kivulu",336574.568827909
"240","Gombe Matadi",196867.080400014
"241","Kimpangu",149035.696181217
"242","Kimpese",372132.897330073
"243","Kimvula",166018.295754356
"244","Kisantu",441388.217486241
"245","Kwilu Ngongo",305937.622571709
"246","Massa",236340.003488499
"247","Mbanza Ngungu",323479.557407117
"248","Ngidinga",210007.938500502
"249","Nselo",132845.906361888
"250","Sona Bata",102726.754377093
"251","Kahemba",233882.180195776
"252","Kajiji",103963.70409245
"253","Kisanji",115472.156943767
"254","Panzi",295314.229111529
"255","Tembo",115886.094386151
"256","Boko",253850.989100503
"257","Feshi",248999.485167591
"258","Kasongo Lunda",206966.029799814
"259","Kenge",494608.781374188
"260","Kimbao",217760.71138371
"261","Kitenda",133585.006525206
"262","Mwela Lembwa",132543.067939204
"263","Popokabaka",310442.24687741
"264","Wamba Lwadi",211523.340400647
"265","Bagata",274955.641449546
"266","Bandundu",363064.438303042
"267","Djuma",354435.403761173
"268","Kikongo",258217.804420476
"269","Sia",190856.824224031
"270","Vanga",500131.77741423
"271","Bulungu",488023.953181928
"272","Gungu",366623.510572331
"273","Idiofa",590299.497705996
"274","Ipamu",386090.51233063
"275","Kikwit Nord",398911.765901753
"276","Kikwit Sud",317376.076135213
"277","Kimputu",229596.788387642
"278","Kingandu",160857.34004441
"279","Koshibanda",335050.754814618
"280","Lusanga",504209.272560262
"281","Masi Manimba",317832.815290032
"282","Moanza",152063.341081952
"283","Mokala",322664.95342737
"284","Mosango",219791.154227967
"285","Mukedi",324073.236152899
"286","Mungindu",180149.905013311
"287","Pay Kongila",255732.138831638
"288","Yasa Bonga",378062.874597171
"289","Kabinda",367094.815067082
"290","Kalambayi Kabanga",157842.926422093
"291","Kalonda Est",127537.612564344
"292","Kamana",134642.568814552
"293","Lubao",164301.769943335
"294","Ludimbi Lukula",141305.033939396
"295","Mulumba",264419.49841845
"296","Ngandajika",205932.798479563
"297","Tshofa",158326.435191759
"298","Kalenda",214273.598884674
"299","Kamiji",88702.0636450743
"300","Kanda Kanda",188046.970263155
"301","Luputa",320516.935546989
"302","Makota",117230.518217477
"303","Mweneditu",299479.162749067
"304","Wikong",115398.468070929
"305","Dilolo",187071.877818206
"306","Kafakumba",103840.619546638
"307","Kalamba",102941.620030934
"308","Kapanga",173778.281730854
"309","Kasaji",250778.296518045
"310","Sandoa",210829.865960967
"311","Bunkeya",57446.419643412
"312","Dilala",345583.228222048
"313","Fungurume",397394.026918105
"314","Kanzenze",157115.187548325
"315","Lualaba",246137.269349122
"316","Lubudi",95166.4058910328
"317","Manika",403631.860332914
"318","Mutshatsha",32321.1822056156
"319","Banzow Moke",168924.770894738
"320","Inongo",252439.614872888
"321","Kiri",149638.570362532
"322","Mimia",48970.6429125614
"323","Ntandembelo",166952.344383296
"324","Oshwe",259034.997153825
"325","Pendjwa",93987.434989215
"326","Yumbi",181207.269099308
"327","Bokoro",377549.233757258
"328","Bolobo",191313.191789529
"329","Bosobe",173212.521894121
"330","Kwamouth",189887.437552455
"331","Mushie",204182.930507551
"332","Nioki",224373.067042248
"333","Kabambare",100675.59235817
"334","Kampene",182964.110171746
"335","Kasongo",385245.413367619
"336","Kibombo",120871.205906633
"337","Kunda",328180.014491651
"338","Lusangi",153183.101010401
"339","Saramabila",245178.337519239
"340","Tunda",79802.1278826024
"341","Alunguli",89503.6613623159
"342","Kailo",189855.191039959
"343","Kalima",211151.701905312
"344","Kindu",366826.331997836
"345","Pangi",78157.2186326685
"346","Samba",150436.594603561
"347","Ferekeni",60946.4367243508
"348","Lubutu",172286.623360568
"349","Obokote",48212.9268903422
"350","Punia",159406.759999255
"351","Bumba",285812.524290034
"352","Lolo",200257.554336613
"353","Yamaluka",133017.78073415
"354","Yambuku",508635.121009152
"355","Yamongili",183543.72317902
"356","Binga",212293.030070199
"357","Bongandanga",72278.6647136819
"358","Boso Manzi",159699.738446677
"359","Boso Mondanda",140616.794078929
"360","Bosondjo",160948.369964802
"361","Lisala",354997.597935067
"362","Pimu",205040.629816547
"363","Alimbongo",296820.662478323
"364","Beni",428853.658884277
"365","Biena",136159.010172674
"366","Butembo",289377.881656445
"367","Kalunguta",191731.550595345
"368","Kamango",111428.26646979
"369","Katwa",612242.341814758
"370","Kyondo",270343.895203815
"371","Lubero",377506.042787607
"372","Mabalako",197136.159358413
"373","Manguredjipa",68013.7287993651
"374","Masereka",298636.156530351
"375","Musienene",348391.565967863
"376","Mutwanga",255278.359169078
"377","Oicha",274997.934806786
"378","Vuhovi",151952.6429739
"379","Bambo",134970.462815797
"380","Binza",191405.66379277
"381","Birambizo",127939.297461902
"382","Goma",282838.298423046
"383","Itebero",96851.1840207458
"384","Karisimbi",403400.688067297
"385","Katoyi",253834.505171522
"386","Kayna",322627.850693047
"387","Kibirizi",185416.374839013
"388","Kibua",63614.8906077197
"389","Kirotshe",541954.697708047
"390","Masisi",356753.827128422
"391","Mweso",289637.125197197
"392","Nyiragongo",248138.636326646
"393","Pinga",101157.348245099
"394","Rutshuru",343487.215947068
"395","Rwanguba",320999.396267102
"396","Walikale",176259.344236267
"397","Abuzi",143495.897079163
"398","Bili (Nord-Ubangi)",215958.326872772
"399","Bosobolo",206345.438572375
"400","Businga",153726.411652417
"401","Gbadolite",188077.078941805
"402","Karawa",335469.043764877
"403","Loko",166235.41552803
"404","Mobayi Mbongo",155335.922676002
"405","Wapinda",97711.9715464937
"406","Wasolo",99273.9824305183
"407","Yakoma",167061.6206003
"408","Bena Dibele",141043.681627981
"409","Djalo Ndjeka",82016.5682116863
"410","Katako Kombe",179220.854645882
"411","Kole",169505.465871231
"412","Lodja",410715.32437797
"413","Lomela",147856.413844977
"414","Lusambo",172555.14554542
"415","Omendjadi",164319.496269777
"416","Ototo",187594.711543571
"417","Tshudi Loto",75160.6757524857
"418","Vanga Kete",188186.087554384
"419","Dikungu",156966.748990659
"420","Minga",167408.032814655
"421","Pania Mutombo",79458.8023750868
"422","Tshumbe",150797.072458631
"423","Wembo Nyama",125859.933293634
"424","Bagira",211256.487737879
"425","Bunyakiri",222892.694411349
"426","Ibanda",368152.170708707
"427","Idjwi",275582.22988952
"428","Kabare",312733.67913993
"429","Kadutu",267941.620753476
"430","Kalehe",178353.89458843
"431","Kalole",170687.27458817
"432","Kalonge",138362.66698974
"433","Kamituga",136834.943903111
"434","Kaniola",225669.426489456
"435","Katana",248136.929012709
"436","Kaziba",116320.804051614
"437","Kitutu",166071.705241436
"438","Lulingu",131970.805198763
"439","Minova",341381.302887561
"440","Miti Murhesa",303982.79461199
"441","Mubumbano",244896.252339659
"442","Mulungu",121467.892461611
"443","Mwana",241869.440695238
"444","Mwenga",125153.215624483
"445","Nyangezi",166899.204253532
"446","Nyantende",171660.282316635
"447","Shabunda",244338.486021253
"448","Walungu",332722.899691326
"449","Fizi",512745.207053861
"450","Haut Plateau",73828.8562115194
"451","Itombwe",69301.929669531
"452","Kimbi Lulenge",196140.985869484
"453","Lemera",248475.20319609
"454","Minembwe",107874.495482433
"455","Nundu",185715.195553474
"456","Ruzizi",279730.324909974
"457","Uvira",424289.013962265
"458","Bangabola",162080.126902068
"459","Bogosenubea",245338.319993933
"460","Bokonzi",238075.424264785
"461","Bominenge",124074.018666259
"462","Boto",250490.494275054
"463","Budjala",196391.468774631
"464","Bulu",167481.440225607
"465","Bwamanda",366515.210716576
"466","Gemena",539942.928712511
"467","Kungu",232549.878666973
"468","Libenge",291358.640061024
"469","Mawuya",164053.430531176
"470","Mbaya",82397.2769422509
"471","Ndage",174765.765696174
"472","Tandala",324977.477658824
"473","Zongo",122258.926348881
"474","Bafwagbogbo",65512.3550559499
"475","Bafwasende",132263.502085224
"476","Banalia",195653.723121955
"477","Bengamisa",191522.022207833
"478","Kabondo",204628.878814158
"479","Lowa",68183.0228231227
"480","Lubunga (Tshopo)",154711.572480726
"481","Makiso Kisangani",535797.872761369
"482","Mangobo",188651.520497525
"483","Opala",181723.906603141
"484","Opienge",48425.3582314957
"485","Tshopo",172884.632292774
"486","Ubundu",157479.354022615
"487","Wanierukula",155297.06041224
"488","Yahisuli",127247.501668853
"489","Yakusu",155690.098433475
"490","Yaleko",216624.296688856
"491","Basali",71182.165333241
"492","Basoko",205746.366156449
"493","Isangi",243447.013722477
"494","Yabaondo",227450.874508204
"495","Yahuma",218431.478294389
"496","Yalimbongo",112529.510491659
"497","Befale",150305.194195629
"498","Boende",375960.029902932
"499","Djolu",341802.970023098
"500","Lingomo",196597.613727685
"501","Mompono",142741.572742211
"502","Monkoto",184600.594464535
"503","Wema",119541.063124113
"504","Bokungu",222295.459027885
"505","Busanga",90481.2726486424
"506","Ikela",184905.60755671
"507","Mondombe",228427.899054548
"508","Yalifafu",171841.763425366
"509","Ankoro",212229.558330416
"510","Kabalo",303962.609040116
"511","Kalemie",331401.787748616
"512","Kansimba",199309.8818909
"513","Kiambi",125775.579492386
"514","Kongolo",397382.983420353
"515","Manono",352497.390481259
"516","Mbulula",264450.110185649
"517","Moba",474834.174222661
"518","Nyemba",378112.208234755
"519","Nyunzu",243347.95771228
