DRC,2026-04-20,2
DRC,2026-05-01,1
DRC,2026-05-02,3
DRC,2026-05-03,3
DRC,2026-05-05,6
DRC,2026-05-06,1
DRC,2026-05-07,2
DRC,2026-05-08,3
DRC,2026-05-09,3
DRC,2026-05-10,4
DRC,2026-05-11,1
DRC,2026-05-12,4
DRC,2026-05-13,12
DRC,2026-05-14,7
DRC,2026-05-15,22
DRC,2026-05-16,20
DRC,2026-05-17,27
DRC,2026-05-18,28
DRC,2026-05-19,26
DRC,2026-05-20,19
DRC,2026-05-21,14
DRC,2026-05-22,22
DRC,2026-05-23,14
DRC,2026-05-24,10
DRC,2026-05-25,16
DRC,2026-05-26,20
DRC,2026-05-27,24
DRC,2026-05-28,24
DRC,2026-05-29,21
DRC,2026-05-30,33
DRC,2026-05-31,24
DRC,2026-06-01,35
DRC,2026-06-02,34
DRC,2026-06-03,13
DRC,2026-06-04,12
DRC,2026-06-05,2
DRC,2026-06-06,15
DRC,2026-06-07,8
DRC,2026-06-08,6
