Ituri,17/05/2026,"La notification officielle de l'alerte a eu lieu le 8 mai 2026 suite à des rumeurs de décès groupés. La situation épidémiologique et les listes des cas suspects et probables ont été mises à jour. Le prélèvement, l'analyse et l'envoi des échantillons à l'INRB ont été effectués."
Ituri,18/05/2026,"Les équipes de surveillance ont été informées des alertes, des enquêtes, de la recherche active des cas, de la liste des contacts et du suivi. L'équipe PoE/PoC a été informée de la cartographie de leurs sites. Le pilier surveillance a été organisé, y compris l'identification des points focaux par zone de santé et la définition des rôles et responsabilités. Des équipes de surveillance ont été déployées dans trois zones sanitaires épidémiques."
Ituri,19/05/2026,"Une cartographie des cas confirmés a été réalisée dans deux zones de santé, une recherche active des cas dans quatre et des enquêtes d'alerte de MVE dans huit. Au PoE Ofoo (Aru HZ), un voyageur en provenance de Bukavu via Kigali et l'Ouganda se dirigeant vers Durba a été identifié. Au PoE Kasenyi (Tchomia HZ), un cadavre originaire de Kampala, en Ouganda, à destination de la ville de Bunia a été identifié."
Nord-Kivu,20/05/2026,Soutien à deux zones de santé avec enquête et liste de contacts autour des cas confirmés. Mettre en place un système de gestion des alertes et promouvoir la hotline de la protection civile. Début du suivi des contacts autour d’un cas confirmé. Mené des enquêtes et établi une liste de contacts autour de quatre cas confirmés au Nord-Kivu.
Ituri,22/05/2026,"Les termes de référence pour le déploiement d'équipes multidisciplinaires provinciales dans une zone de santé ont été transmis à la coordination. Les termes de référence pour la formation des acteurs (ECZS, IT & ITA, responsables des agents communautaires, gestionnaires de données) dans 5 zones de santé actives ont été transmis à la coordination. Des thermo-flash ont été réalisés dans une autre zone de santé (4 unités)."
Ituri,21/05/2026,"Un projet de termes de référence a été élaboré pour le déploiement d'équipes multidisciplinaires provinciales dans une zone de santé. Des projets de termes de référence ont également été élaborés pour la formation des acteurs (ECZS, IT & ITA, responsables des agents communautaires, gestionnaires de données) dans 5 zones de santé actives. Des thermo-flash ont été réalisés dans deux zones de santé pour le suivi des contacts (respectivement 12 et 11 unités)."
Ituri,05/06/2026,"Surveillance de routine effectuée. Enquêtes approfondies autour des cas confirmés dans 3 zones de santé. 97 alertes déclenchées, 100 % instruites, 72 validées (74,2 %). Recherche des contacts : 4 281 contacts suivis, 2 701 vus (63,1 %), contre 54,6 % la veille."
Nord-Kivu,05/06/2026,"Au total, 340 alertes ont été émises, toutes ont fait l'objet d'une enquête (100 %) et 40 ont été validées (11,8 %). Pour le traçage des contacts, 689 contacts ont été suivis, dont 578 vus (83,9%), ce qui représente une amélioration par rapport à la veille (72,0%)."
Sud-Kivu,05/06/2026,"Au total, 8 alertes ont été émises, toutes ont fait l'objet d'une enquête (100 %) et 7 ont été validées (87,5 %). Pour la recherche des contacts, 187 contacts ont été suivis, dont 184 ont été vus (98,4 %)."
Nord-Kivu,07/06/2026,"Au total, 290 alertes ont été émises, toutes ont fait l'objet d'une enquête (100,0 %). Les cas validés comprenaient 34 vivants et 1 décédé, pour un total de 59 cas suspects. Les contacts suivis étaient au nombre de 738, dont 587 vus, pour un taux de suivi de 79,5 %."
Sud-Kivu,07/06/2026,"Au total, 7 alertes ont été émises, toutes les 7 ont fait l'objet d'une enquête (100,0 %). Les cas validés comprenaient 1 vivant et 0 décédé, pour un total de 2 cas suspects. Les contacts suivis étaient au nombre de 226, dont 224 vus, pour un taux de suivi de 99,1 %."
Ituri,07/06/2026,"Au total, 153 alertes ont été émises, dont 116 ont fait l'objet d'une enquête (75,8 %). Les cas validés comprenaient 24 vivants et 9 décédés, pour un total de 33 cas suspects. Les contacts suivis étaient au nombre de 4 454, dont 2 678 vus, pour un taux de suivi de 60,1 %."
Ituri,08-06-2026,"Au total, 140 alertes ont été émises, dont 111 ont fait l'objet d'une enquête (taux d'enquête : 79,3 %). Les alertes validées comprenaient 58 vivants et 18 décédés, pour un total de 76 cas suspects de la journée. Les contacts suivis étaient au nombre de 4 752, dont 2 487 vus, pour un taux de suivi de 52,3 %."
North-Kivu,08-06-2026,"Au total, 265 alertes ont été émises, toutes ont fait l'objet d'une enquête (taux d'enquête : 100,0 %). Les alertes validées comprenaient 33 vivants et 2 décédés, pour un total de 56 cas suspects de la journée. Les contacts suivis étaient au nombre de 703, dont 533 vus, pour un taux de suivi de 75,8 %."
South-Kivu,08-06-2026,"Au total, 25 alertes ont été émises, toutes ont fait l'objet d'une enquête (taux d'enquête : 100,0 %). Les alertes validées incluaient 3 vivants et 0 décédé, pour un total de 6 cas suspects de la journée. Les contacts suivis étaient au nombre de 226, dont 181 vus, pour un taux de suivi de 80,1 %."
Ituri,09-06-2026,"Au total, 78 alertes ont été émises, dont 57 ont fait l'objet d'une enquête (73,1 %). Les alertes validées comprenaient 38 vivants et 11 décédés, pour un total de 49 cas suspects. Pour la recherche des contacts, 4 955 contacts ont été suivis, dont 2 860 observés (57,7 %)."
North-Kivu,09-06-2026,"Au total, 526 alertes ont été émises, dont 505 ont fait l'objet d'une enquête (96,0 %). Les alertes validées comprenaient 50 vivants et 1 décédé, pour un total de 69 cas suspects. Pour la recherche des contacts, 841 contacts ont été suivis, dont 597 observés (71,0 %)."
South-Kivu,09-06-2026,"Au total, 12 alertes ont été émises, toutes ont fait l'objet d'une enquête (100 %). Les alertes validées incluaient 18 vivants, pour un total de 1 cas suspect. Pour la recherche des contacts, 226 contacts ont été suivis, dont 222 vus (98,2 %)."
Ituri,11-06-2026,"143 alertes, 101 enquêtées (70,6%). 33 vivants validés, 12 décédés. 45 cas suspects. Contacts : 4 782 suivis, 830 vus (17,4%)."
North-Kivu,11-06-2026,"266 alertes, 266 enquêtées (100 %). 61 vivants validés, 20 décédés. 113 cas suspects. Contacts : 1 037 suivis, 700 vus (67,5%)."
South-Kivu,11-06-2026,"10 alertes, 10 enquêtées (100%). 6 vivants validés. 10 cas suspects. Contacts : 224 suivis, 185 vus (82,6%)."
Ituri,15-06-2026,"276 alertes, 188 instruites (68,1 %). 131 vivants validés, 45 décédés. 176 cas suspects. Contacts : 5 208 suivis, 3 397 vus (65,2%). 466 nouveaux contacts répertoriés : Rwampara (435), Nyankunde (21), Tchomia (10)."
North-Kivu,15-06-2026,"483 alertes, 483 enquêtes (100 %). 136 vivants validés, 51 décédés. 52 cas suspects. Contacts : 1 187 suivis, 700 vus (59,0%)."
South-Kivu,15-06-2026,"7 alertes, 7 instruites (100%). 7 vivants validés. 7 cas suspects. Contacts : 80 suivis, 74 vus (92,5%)."
Ituri,16-06-2026,"391 alertes, 129 ont fait l'objet d'une enquête (33,0 %). 93 vivants validés, 31 décédés. 124 cas suspects. Contacts : 5 309 suivis, 3 856 vus (72,6%). 371 nouveaux contacts répertoriés : Rwampara (100), Bunia (86), Mongbwalu (81), Nyankunde (54), Aungba (34), Lita (14), Mambasa (2)."
North-Kivu,16-06-2026,"332 alertes, 332 enquêtées (100 %). 44 vivants validés, 11 décédés. 59 cas suspects. Contacts : 1 467 suivis, 974 vus (66,4%)."
South-Kivu,16-06-2026,"14 alertes, 14 enquêtées (100%). 9 vivants validés. 9 cas suspects. Contacts : 80 suivis, 80 vus (100,0%)."
Ituri,18-06-2026,"436 alertes, 159 instruites (36,5%). 119 vivants validés, 30 décédés. 149 cas suspects. Contacts : 5 155 suivis, 3 961 vus (76,8%). 338 nouveaux contacts répertoriés : Bunia (117), Rwampara (102), Mongbwalu (93), Lita (15), Bambu (11)."
North-Kivu,18-06-2026,"681 alertes, 681 enquêtes (100 %). 55 vivants validés, 24 décédés. 79 cas suspects. Contacts : 1 821 suivis, 1 047 vus (57,5%)."
South-Kivu,18-06-2026,"22 alertes, 22 enquêtées (100%). 10 vivants validés. 10 cas suspects. Contacts : 118 suivis, 118 vus (100,0%)."
Ituri,19-06-2026,"233 alertes, 233 enquêtées (100 %). 75 vivants validés, 21 décédés. 96 cas suspects. Contacts : 4 688 suivis, 3 649 vus (77,8%). 333 nouveaux contacts répertoriés : Rwampara (155), Bunia (54), Nyankunde (39), Mongbwalu (29), Lita (20), Aungba (15), Tchomia (13), Nizi (4), Mambasa (4)."
North-Kivu,19-06-2026,"500 alertes, 500 enquêtées (100 %). 40 vivants validés, 26 décédés. 66 cas suspects. Contacts : 1 698 suivis, 778 vus (45,8%)."
Ituri,23-06-2026,"160 alertes (31 report + 129 nouvelles), 160 investiguées (100%). 47 validées vivantes, 19 décédées. 66 cas suspects. Contacts : 6.312 suivis, 4.918 vus (77,9%). 307 nouveaux contacts listés dans 5 ZS. 47/55 PoC activés (85,5%). 72.530 voyageurs. Screening : 99,7%. Lavage mains : 97,7%. Sensibilisation : 94,6%. 4 alertes notifiées : 1 vivante validée/référée à HGR Bunia (Mudzibala), 1 corps sans vie swabé (Mudzibala), 1 vivante invalidée (FONER Mambasa), 1 vivante libérée (Ombay/Ariwara)."
Nord-Kivu,23-06-2026,"515 alertes, 515 investiguées (100%). 39 validées vivantes, 26 décédées. 65 cas suspects. Contacts : 1.938 suivis, 1.421 vus (73,3%). 77 contacts ont achevé leur suivi de 21 jours. 12/13 PoE renforcés (92,3%). 150.276 voyageurs. Screening : 97,5%. Lavage mains : 97,6%. Sensibilisation : 97,0%. 0 alertes notifiées."
Sud-Kivu,23-06-2026,"24 alertes (13 report + 11 nouvelles), 20 investiguées (83,3%). 7 validées vivantes. 7 cas suspects. Contacts : 96 suivis, 96 vus (100,0%). 78 contacts ont achevé leur suivi de 21 jours. 59/68 PoC/PoE (86,8%). 222.806 voyageurs. Screening : 97,5%. Lavage mains : 97,7%. Sensibilisation : 96,6%. 4 alertes notifiées, 1 validée/référée, 1 corps swabé."
Ituri,24-06-2026,"214 alertes (107 report + 204 nouvelles), 214 investiguées (100%). 63 validées vivantes, 34 décédées. 97 cas suspects. Contacts : 7.103 suivis, 5.545 vus (78,1%). 311 nouveaux contacts listés dans 9 ZS. 20 contacts ont achevé leur suivi de 21 jours. 47/55 PoC activés (85,5%). 92.533 voyageurs. Screening : 96,2%. Lavage mains : 92,4%. Sensibilisation : 94,7%. 3 alertes notifiées : 1 vivante validée/référée au CTE Aru (Apinaka), 2 invalidées (FONER Mambasa, OFOO). Aucun corps sans vie intercepté."
Nord-Kivu,24-06-2026,"665 alertes (59 report + 586 nouvelles), 507 investiguées (76,2%). 45 validées vivantes, 6 décédées. 51 cas suspects. Contacts : 2.184 suivis, 1.805 vus (82,6%). 79 contacts ont achevé leur suivi de 21 jours. 12/13 PoE renforcés (92,3%). 171.591 voyageurs. Screening : 97,0%. Lavage mains : 97,5%. Sensibilisation : 97,0%. 0 alertes notifiées."
Sud-Kivu,24-06-2026,"24 alertes (9 report + 15 nouvelles), 23 investiguées (95,8%). 6 validées vivantes. 6 cas suspects. Contacts : 18 suivis, 18 vus (100,0%). 59/68 PoC/PoE (86,8%). 264.124 voyageurs. Screening : 96,7%. Lavage mains : 95,7%. Sensibilisation : 89,3%. 3 alertes notifiées, 1 validée/référée, 0 corps sans vie interceptés."
