"","nom","gdp_pc"
"1","Aketi",767.365413502607
"2","Ango",848.744414609077
"3","Bili (Bas-Uele)",905.1309925652
"4","Bondo",911.74098062293
"5","Buta",523.447133520714
"6","Ganga",805.354760437847
"7","Likati",792.174181474128
"8","Monga",875.908891408747
"9","Poko",720.699963314405
"10","Titule",605.679491610861
"11","Viadana",718.647691650346
"12","Aba",614.309123800315
"13","Boma Mangbetu",649.795079804045
"14","Doruma",611.812641088822
"15","Dungu",683.930446056704
"16","Faradje",607.61221288795
"17","Gombari",498.400327475097
"18","Isiro",864.694537755158
"19","Niangara",678.331674687351
"20","Pawa",657.70662070587
"21","Rungu",754.715730448801
"22","Wamba",658.620548810451
"23","Makoro",627.485474419177
"24","Watsa",525.246169920178
"25","Basankusu",847.752839810019
"26","Bikoro",717.038581562786
"27","Bolenge",1374.34240129375
"28","Bolomba",730.759677217357
"29","Bomongo",1091.33950033041
"30","Djombo",685.420222176718
"31","Iboko",658.878562923093
"32","Ingende",621.186043782658
"33","Irebu",1052.34710756414
"34","Lilanga Bobangi",1742.80403933748
"35","Lotumbe",624.965152282211
"36","Lukolela",1438.82684098549
"37","Makanza",608.387882654
"38","Mampoko",739.853489699983
"39","Mbandaka",1433.1290422938
"40","Monieka",742.758535438398
"41","Ntondo",659.714509228818
"42","Wangata",1324.01737814649
"43","Kambove",650.625613634904
"44","Kapolowe",597.717924612525
"45","Kikula",1458.83334026244
"46","Kilela Balanda",714.110076240151
"47","Likasi",1326.18289455519
"48","Mitwaba",702.329055430719
"49","Mufunga Sampwe",700.775495489346
"50","Panda",1038.39567186393
"51","Kafubu",894.360334426732
"52","Kamalondo",1661
"53","Kampemba",1652.68767427789
"54","Kasenga",1653.39190142997
"55","Kashobwe",1522.68089396661
"56","Katuba",1654.77378786357
"57","Kenya",1539.79704601072
"58","Kilwa",726.369058190441
"59","Kipushi",1379.01314587882
"60","Kisanga",1631.08002354273
"61","Kowe",1454.4877460096
"62","Lubumbashi",1649.93032316149
"63","Lukafu",748.154616090322
"64","Mumbunda",1646.79629258318
"65","Pweto",789.408719091891
"66","Ruashi",1567.43230392317
"67","Sakania",1651.15111386799
"68","Tshamilemba",1661
"69","Vangu",1203.35264394767
"70","Bukama",719.001836189741
"71","Butumba",721.488392906286
"72","Kabondo Dianda",717.29904761671
"73","Kinkondja",718.797785847489
"74","Lwamba",863.11042710768
"75","Malemba Nkulu",863.294030988428
"76","Mukanga",863.86137710241
"77","Mulongo",867.618676528198
"78","Baka",613
"79","Kabongo",739.715797299669
"80","Kamina",613.386938902285
"81","Kaniama",689.499317004004
"82","Kayamba",735.973805843068
"83","Kinda",618.905620460212
"84","Kitenge",743.417874361623
"85","Songa",620.273976366126
"86","Adi",910.248749358362
"87","Adja",848.562780101802
"88","Angumu",969.058216398416
"89","Ariwara",1088.64047535289
"90","Aru",1036.08081113418
"91","Aungba",977.572047135369
"92","Biringi",841.445793289287
"93","Kambala",947.336322460953
"94","Laybo",822.047058078668
"95","Logo",941.532453660064
"96","Mahagi",992.086273718073
"97","Nyarambe",996.839506200598
"98","Rimba",942.729523255723
"99","Bambu",840.947584669147
"100","Boga",734.381773605348
"101","Bunia",735.684869614049
"102","Damas",841.072612555002
"103","Drodro",843
"104","Fataki",842.999999999999
"105","Gety",686.809657733478
"106","Jiba",843
"107","Kilo",836.294612912294
"108","Komanda",692.507907914487
"109","Linga",843.66146728473
"110","Lita",805.043891950733
"111","Lolwa",651.035313862763
"112","Mambasa",647.658235890822
"113","Mandima",680.20311092865
"114","Mangala",843
"115","Mongbwalu",840.944339585589
"116","Nia Nia",651.331561505695
"117","Nizi",839.647887298924
"118","Nyankunde",680.02836611513
"119","Rethy",855.208368148436
"120","Rwampara",711.111601156153
"121","Tchomia",787.017702021675
"122","Bulape",785.568692958624
"123","Dekese",646.832471469344
"124","Ilebo",731.95190183975
"125","Kakenge",787.897513792771
"126","Luebo",694.772350721572
"127","Mikope",677.002392898899
"128","Mushenge",774.723031614728
"129","Mweka",787.455302641432
"130","Ndjoko Mpunda",682.472678893267
"131","Banga Lubaka",694.423909805393
"132","Kalonda Ouest",874.974165220005
"133","Kamonia",1179.56677603302
"134","Kamwesha",873.240974711824
"135","Kanzala",878.000000000003
"136","Kitangwa",878.559335802906
"137","Mutena",964.107346020822
"138","Nyanga",865.516290181016
"139","Tshikapa",878.21879978563
"140","Bena Leka",783.586080720585
"141","Bena Tshadi",707.707669973813
"142","Bilomba",780.57251883792
"143","Bobozo",2336.06607406146
"144","Bunkonde",846.54933946855
"145","Demba",784.076924037268
"146","Dibaya",851.794124162622
"147","Kananga",2353.30795390656
"148","Katende",711.578386556289
"149","Katoka",2405.4870817224
"150","Lubondaie",850.305225750878
"151","Lubunga (Kasaï-Central)",733.878290853173
"152","Lukonga",1953.57328971044
"153","Mikalayi",843.745378471293
"154","Muetshi",712.085604250303
"155","Mutoto",807.48237594787
"156","Ndekesha",780.569221180966
"157","Ndesha",2346.53867258648
"158","Tshikaji",2148.17227923602
"159","Tshikula",851.47027590157
"160","Kalomba",782.278036325112
"161","Luambo",745.248046299804
"162","Luiza",743.194856954001
"163","Masuika",734.941681870004
"164","Tshibala",778.509094217858
"165","Yangala",739.135719294558
"166","Bibanga",840.733600381581
"167","Bipemba",1725.00792536041
"168","Bonzola",1831.40318159871
"169","Cilundu",795.036977478667
"170","Citenge",1152.36595803553
"171","Dibindi",2234.37636510001
"172","Diulu",1913.45793862427
"173","Kabeya Kamwanga",817.977156022989
"174","Kansele",2143.22344477157
"175","Kasansa",970.773599655291
"176","Lubilanji",2069.04259445439
"177","Lukelenge",1985.27105525539
"178","Miabi",791.996475585992
"179","Mpokolo",1482.47056196443
"180","Mukumbi",1382.81527609209
"181","Muya",2040.16286035408
"182","Nzaba",1558.49321434895
"183","Tshilenge",992.440417612596
"184","Tshishimbi",1332.18267784881
"185","Bumbu",2318.17163952767
"186","Kalamu 1",2316
"187","Kalamu 2",2316
"188","Kasa Vubu",2316
"189","Kingabwa",2316
"190","Kisenso",2316
"191","Lemba",2316
"192","Limete",2316
"193","Makala",2316
"194","Matete",2316
"195","Ngaba",2316
"196","Ngiri Ngiri",2318.39847827987
"197","Biyela",2316
"198","Kikimi",2316
"199","Kimbanseke",2316
"200","Kingasani",2316
"201","Maluku 1",2652.76541069222
"202","Maluku 2",2280.11979347001
"203","Masina 1",2316
"204","Masina 2",2316
"205","Ndjili",2316
"206","Nsele",2315.15972239685
"207","Bandalungwa",2393.13049617072
"208","Barumbu",2316
"209","Binza Meteo",2329.15143073816
"210","Binza Ozone",2629.83659390902
"211","Gombe",2382.53399254361
"212","Kinshasa",2316
"213","Kintambo",2500.50181115192
"214","Kokolo",2469.0026917151
"215","Lingwala",2316
"216","Mont Ngafula 1",2309.5706245972
"217","Mont Ngafula 2",2503.28559990911
"218","Police",2522.06625151329
"219","Selembao",2318.16682951626
"220","Boma",2375.5414355243
"221","Boma Bungu",1008.28207591145
"222","Kangu",875.406993340972
"223","Kinkonzi",1053.91989898792
"224","Kitona",1046.21031880821
"225","Kizu",996.844260421517
"226","Kuimba",1530.67017384199
"227","Lukula",878.833553810118
"228","Muanda",926.49635000571
"229","Tshela",1091.88086520937
"230","Vaku",932.927813488022
"231","Inga",676.299784371347
"232","Kibunzi",693.614040566078
"233","Luozi",738.37162040771
"234","Mangembo",825.80075387276
"235","Matadi",2091.99342543692
"236","Nsona Mpangu",892.836841704868
"237","Nzanza",1431.37964040329
"238","Seke Banza",679.315097656943
"239","Boko Kivulu",707.698821534979
"240","Gombe Matadi",724.415479318455
"241","Kimpangu",1220.52495475269
"242","Kimpese",702.452139337503
"243","Kimvula",935.072020113928
"244","Kisantu",777.049562953619
"245","Kwilu Ngongo",703.391102307519
"246","Massa",1255.66268545228
"247","Mbanza Ngungu",702
"248","Ngidinga",851.194880749959
"249","Nselo",839.281820605439
"250","Sona Bata",842.161356252202
"251","Kahemba",1225.65135175644
"252","Kajiji",1194.87321150062
"253","Kisanji",799.785212793695
"254","Panzi",632.692464233652
"255","Tembo",1189.2662273811
"256","Boko",780.431674523552
"257","Feshi",801.538252259476
"258","Kasongo Lunda",876.160979092525
"259","Kenge",752.497260249597
"260","Kimbao",753.831870427439
"261","Kitenda",835.246789620759
"262","Mwela Lembwa",793.313011707031
"263","Popokabaka",778.740159268093
"264","Wamba Lwadi",635.103916482654
"265","Bagata",697.434755735748
"266","Bandundu",744.947112135135
"267","Djuma",786.585805657441
"268","Kikongo",709.520504861197
"269","Sia",697.012902695635
"270","Vanga",786.818995664428
"271","Bulungu",798.451418480447
"272","Gungu",630.483037025859
"273","Idiofa",722.438282623904
"274","Ipamu",716.754816058207
"275","Kikwit Nord",1493.01835516727
"276","Kikwit Sud",1437.27770074044
"277","Kimputu",724.761837643838
"278","Kingandu",631.609752953259
"279","Koshibanda",720.351620299101
"280","Lusanga",849.789091726287
"281","Masi Manimba",631.79119668206
"282","Moanza",637.538225644077
"283","Mokala",722.990536431583
"284","Mosango",635.717667852348
"285","Mukedi",632.970988400782
"286","Mungindu",631.601642443325
"287","Pay Kongila",636.371264139521
"288","Yasa Bonga",632.938818075678
"289","Kabinda",714.596647838739
"290","Kalambayi Kabanga",726.66076093448
"291","Kalonda Est",705.869905613993
"292","Kamana",664.956489128249
"293","Lubao",666.390569400447
"294","Ludimbi Lukula",709.055236307955
"295","Mulumba",737.103159936419
"296","Ngandajika",723.510800643856
"297","Tshofa",666.242076544704
"298","Kalenda",679.329321861008
"299","Kamiji",829.487339946073
"300","Kanda Kanda",703.823604212178
"301","Luputa",678.083113163468
"302","Makota",843.655326457783
"303","Mweneditu",1016.46169008474
"304","Wikong",674.625847216143
"305","Dilolo",1248.20105603113
"306","Kafakumba",790.131370148689
"307","Kalamba",621.596692010495
"308","Kapanga",620.605799092221
"309","Kasaji",622.666636525257
"310","Sandoa",796.770602885318
"311","Bunkeya",876.282073660236
"312","Dilala",727.999999999999
"313","Fungurume",899.557442935978
"314","Kanzenze",740.813679099576
"315","Lualaba",737.105703684235
"316","Lubudi",893.176232222754
"317","Manika",728
"318","Mutshatsha",744.724397310085
"319","Banzow Moke",739.266457497132
"320","Inongo",752.393596071571
"321","Kiri",697.203571320631
"322","Mimia",628.241340872595
"323","Ntandembelo",756.246008974034
"324","Oshwe",639.072128064879
"325","Pendjwa",682.131605896269
"326","Yumbi",740.555741447983
"327","Bokoro",668.1645231944
"328","Bolobo",1240.20548487771
"329","Bosobe",669.140941907725
"330","Kwamouth",878.040316174665
"331","Mushie",734.86046203334
"332","Nioki",675.322624718214
"333","Kabambare",651.500345850551
"334","Kampene",675.462773595174
"335","Kasongo",669.132129709684
"336","Kibombo",701.447601855794
"337","Kunda",625.016527935068
"338","Lusangi",555.962072816475
"339","Saramabila",558.741892780011
"340","Tunda",704.162714677538
"341","Alunguli",1358.93619651399
"342","Kailo",896.335016831264
"343","Kalima",685.447921110535
"344","Kindu",1331.47752091762
"345","Pangi",677.500733284926
"346","Samba",616.994172628097
"347","Ferekeni",712.245396542345
"348","Lubutu",662.665708741915
"349","Obokote",665.048530985595
"350","Punia",676.033863571696
"351","Bumba",616.538542467607
"352","Lolo",614.750002399726
"353","Yamaluka",618.278407968593
"354","Yambuku",617.025124929367
"355","Yamongili",611.160364370589
"356","Binga",789.033958672605
"357","Bongandanga",934.316705653451
"358","Boso Manzi",784.454527798836
"359","Boso Mondanda",934.451197991215
"360","Bosondjo",959.6634579649
"361","Lisala",893.630255814795
"362","Pimu",967.131629796807
"363","Alimbongo",720.801306190313
"364","Beni",2126.7359909335
"365","Biena",744.821719113842
"366","Butembo",1812.60843385629
"367","Kalunguta",910.900393358372
"368","Kamango",867.7996906358
"369","Katwa",1657.40766300989
"370","Kyondo",825.486107003528
"371","Lubero",721.059566699776
"372","Mabalako",868.707465603387
"373","Manguredjipa",724.319326086042
"374","Masereka",722.556013240513
"375","Musienene",884.515321072998
"376","Mutwanga",889.335533955002
"377","Oicha",1117.22542361062
"378","Vuhovi",895.810666323035
"379","Bambo",865
"380","Binza",932.541338519878
"381","Birambizo",869.940576958951
"382","Goma",1308.21541560974
"383","Itebero",697.892956125643
"384","Karisimbi",1582.26773945487
"385","Katoyi",933.264241398686
"386","Kayna",733.382583578143
"387","Kibirizi",842.143128837245
"388","Kibua",727.499284857417
"389","Kirotshe",924.919891852603
"390","Masisi",934.763451007857
"391","Mweso",909.445513687418
"392","Nyiragongo",1774.83077051083
"393","Pinga",751.418895449378
"394","Rutshuru",865.335414429226
"395","Rwanguba",958.334157202413
"396","Walikale",687.806283215289
"397","Abuzi",681.851953976589
"398","Bili (Nord-Ubangi)",815.281131878653
"399","Bosobolo",833.374024441398
"400","Businga",702.352046122199
"401","Gbadolite",718.696100142883
"402","Karawa",682.906921976446
"403","Loko",691.632540802752
"404","Mobayi Mbongo",641.027393848976
"405","Wapinda",684.590706769934
"406","Wasolo",682
"407","Yakoma",665.467283493704
"408","Bena Dibele",943.978021007843
"409","Djalo Ndjeka",956.118761153044
"410","Katako Kombe",956.315527225117
"411","Kole",920.675838872108
"412","Lodja",705.999999999999
"413","Lomela",946.016787786701
"414","Lusambo",836.473783378581
"415","Omendjadi",818.840845682508
"416","Ototo",711.123929371492
"417","Tshudi Loto",942.857589974993
"418","Vanga Kete",747.126634848138
"419","Dikungu",949.694714999506
"420","Minga",790.711736475572
"421","Pania Mutombo",849.113749860588
"422","Tshumbe",811.325027652854
"423","Wembo Nyama",929.715201302677
"424","Bagira",1158.35850815806
"425","Bunyakiri",844.729857482467
"426","Ibanda",1464.74415978162
"427","Idjwi",873.425006857602
"428","Kabare",904.366847431413
"429","Kadutu",1282.74485028629
"430","Kalehe",851.630439421376
"431","Kalole",731.103319393499
"432","Kalonge",851.181335178375
"433","Kamituga",862.810140015318
"434","Kaniola",1085.68688017402
"435","Katana",843.446206523721
"436","Kaziba",1253.14356404434
"437","Kitutu",860.19080999238
"438","Lulingu",727.547851559225
"439","Minova",895.579866312614
"440","Miti Murhesa",820.148424720019
"441","Mubumbano",1353.46096170273
"442","Mulungu",735.144816980108
"443","Mwana",1102.6984600281
"444","Mwenga",877.306539307882
"445","Nyangezi",1345.51636569822
"446","Nyantende",1399.48663915195
"447","Shabunda",728.051008350866
"448","Walungu",1235.69412169975
"449","Fizi",1446.90527211507
"450","Haut Plateau",817.092051533515
"451","Itombwe",963.676228728802
"452","Kimbi Lulenge",1293.94404015514
"453","Lemera",852.791692778599
"454","Minembwe",1281.5853207941
"455","Nundu",1404.76828120006
"456","Ruzizi",800.703314913832
"457","Uvira",801.812457079475
"458","Bangabola",674.436631855178
"459","Bogosenubea",496.007168255644
"460","Bokonzi",988.936031739341
"461","Bominenge",504.577738471738
"462","Boto",826.676826217699
"463","Budjala",663.659232503256
"464","Bulu",668.103506132918
"465","Bwamanda",500.489866965695
"466","Gemena",500.456981086142
"467","Kungu",837.290621980019
"468","Libenge",924.220469104488
"469","Mawuya",1182.02282476621
"470","Mbaya",665.184453189646
"471","Ndage",671.240289582153
"472","Tandala",509.059035394727
"473","Zongo",1320.63507171781
"474","Bafwagbogbo",692.047952713099
"475","Bafwasende",686.240732290369
"476","Banalia",776.553564296024
"477","Bengamisa",822.138956793605
"478","Kabondo",1552.22113294257
"479","Lowa",887.337243056485
"480","Lubunga (Tshopo)",1500.91879196871
"481","Makiso Kisangani",1552.25230530111
"482","Mangobo",1557
"483","Opala",685.154351243905
"484","Opienge",688.506495226923
"485","Tshopo",1451.15523539212
"486","Ubundu",908.313677424088
"487","Wanierukula",902.030546333491
"488","Yahisuli",677.001468356161
"489","Yakusu",766.103401000793
"490","Yaleko",689.459227682236
"491","Basali",670.762801474396
"492","Basoko",669.165341427185
"493","Isangi",680.733595095907
"494","Yabaondo",677.951399672374
"495","Yahuma",639.688745807061
"496","Yalimbongo",668.12941159596
"497","Befale",749.423453614825
"498","Boende",766.461704010456
"499","Djolu",562.190829762928
"500","Lingomo",593.46763265058
"501","Mompono",721.437259119301
"502","Monkoto",673.075632068171
"503","Wema",746.568512992151
"504","Bokungu",633.436344355501
"505","Busanga",643.332039242376
"506","Ikela",639.724106761729
"507","Mondombe",622.351337072481
"508","Yalifafu",635.068923364614
"509","Ankoro",838.669842736827
"510","Kabalo",831.122618038457
"511","Kalemie",1565.23607347054
"512","Kansimba",776.35898359247
"513","Kiambi",838.341122679907
"514","Kongolo",681.261168844954
"515","Manono",1271.08008381839
"516","Mbulula",681.874696572758
"517","Moba",778.078406488511
"518","Nyemba",1236.5723986749
"519","Nyunzu",693.161264894078
