"","nom","socioeconomic_inequality"
"1","Aketi",0.446605395323982
"2","Ango",0.446573869759218
"3","Bili (Bas-Uele)",0.443734007256776
"4","Bondo",0.446416537418994
"5","Buta",0.446713356160265
"6","Ganga",0.445231176127246
"7","Likati",0.44065374811321
"8","Monga",0.45595328929898
"9","Poko",0.455369202571686
"10","Titule",0.444186718922102
"11","Viadana",0.481682346108773
"12","Aba",0.518215827175369
"13","Boma Mangbetu",0.523984224507872
"14","Doruma",0.493686077193703
"15","Dungu",0.518686077254323
"16","Faradje",0.522268740298787
"17","Gombari",0.526562238126662
"18","Isiro",0.504031949595161
"19","Niangara",0.513174017047773
"20","Pawa",0.516862183122494
"21","Rungu",0.513370525433848
"22","Wamba",0.54307502345018
"23","Makoro",0.547759990104341
"24","Watsa",0.522520435633891
"25","Basankusu",0.379253088493429
"26","Bikoro",0.382452317134584
"27","Bolenge",0.382748792781567
"28","Bolomba",0.380982114311759
"29","Bomongo",0.39454821545189
"30","Djombo",0.375670907224893
"31","Iboko",0.413799932251371
"32","Ingende",0.385248806618269
"33","Irebu",0.380382466051483
"34","Lilanga Bobangi",0.389630542138511
"35","Lotumbe",0.373955092758326
"36","Lukolela",0.368414318495993
"37","Makanza",0.387188818705833
"38","Mampoko",0.381008624993683
"39","Mbandaka",0.381005772860556
"40","Monieka",0.36556820602778
"41","Ntondo",0.401251372954174
"42","Wangata",0.381150140720459
"43","Kambove",0.580845168968573
"44","Kapolowe",0.584540702838172
"45","Kikula",0.583398625988142
"46","Kilela Balanda",0.582802077056592
"47","Likasi",0.583830053462859
"48","Mitwaba",0.584378701599895
"49","Mufunga Sampwe",0.583784249193725
"50","Panda",0.583862465155077
"51","Kafubu",0.584719142959732
"52","Kamalondo",0.583623023979725
"53","Kampemba",0.583776348798238
"54","Kasenga",0.5904406795749
"55","Kashobwe",0.589458507663609
"56","Katuba",0.583405465705807
"57","Kenya",0.583496394641395
"58","Kilwa",0.586938293044471
"59","Kipushi",0.582072804443451
"60","Kisanga",0.58329581744399
"61","Kowe",0.580109069445858
"62","Lubumbashi",0.58380334489663
"63","Lukafu",0.584353910016787
"64","Mumbunda",0.583427432263748
"65","Pweto",0.587432748521981
"66","Ruashi",0.584034777930463
"67","Sakania",0.57327339096118
"68","Tshamilemba",0.583858890988211
"69","Vangu",0.581150798309204
"70","Bukama",0.57408756567662
"71","Butumba",0.576478442388193
"72","Kabondo Dianda",0.575007475956451
"73","Kinkondja",0.575056312420142
"74","Lwamba",0.577355184736147
"75","Malemba Nkulu",0.575813379933601
"76","Mukanga",0.577651821897614
"77","Mulongo",0.579188607052587
"78","Baka",0.574999988079071
"79","Kabongo",0.577522480548896
"80","Kamina",0.574980818644105
"81","Kaniama",0.59184132325455
"82","Kayamba",0.607854400676148
"83","Kinda",0.574109473993926
"84","Kitenge",0.588760837929549
"85","Songa",0.575224203697759
"86","Adi",0.55634051716348
"87","Adja",0.597128524494193
"88","Angumu",0.538118870177785
"89","Ariwara",0.6048873034068
"90","Aru",0.607316181606649
"91","Aungba",0.609750802979512
"92","Biringi",0.594174251382602
"93","Kambala",0.614314306312721
"94","Laybo",0.57333662877405
"95","Logo",0.581937453750227
"96","Mahagi",0.590066986884523
"97","Nyarambe",0.55678633388926
"98","Rimba",0.6085131436423
"99","Bambu",0.621758015665205
"100","Boga",0.585883956767258
"101","Bunia",0.606701624219767
"102","Damas",0.613513794938113
"103","Drodro",0.573318577022004
"104","Fataki",0.588473853107748
"105","Gety",0.586053833437575
"106","Jiba",0.558969622941651
"107","Kilo",0.622878306329664
"108","Komanda",0.626187992851949
"109","Linga",0.57002351429488
"110","Lita",0.591249083010876
"111","Lolwa",0.625232269465297
"112","Mambasa",0.623387971202172
"113","Mandima",0.629848598839547
"114","Mangala",0.610699275701122
"115","Mongbwalu",0.613559009123426
"116","Nia Nia",0.598464134046509
"117","Nizi",0.612203731551605
"118","Nyankunde",0.61354842861761
"119","Rethy",0.581264674920637
"120","Rwampara",0.607460916436191
"121","Tchomia",0.548333810001442
"122","Bulape",0.446861028189218
"123","Dekese",0.446535180161261
"124","Ilebo",0.462935577040958
"125","Kakenge",0.445909149385472
"126","Luebo",0.445765276576005
"127","Mikope",0.471467924569201
"128","Mushenge",0.448285605355161
"129","Mweka",0.446351357129042
"130","Ndjoko Mpunda",0.446978012861961
"131","Banga Lubaka",0.459569578841209
"132","Kalonda Ouest",0.447977424707187
"133","Kamonia",0.481478179809349
"134","Kamwesha",0.446365854942325
"135","Kanzala",0.448896316943256
"136","Kitangwa",0.460177300432916
"137","Mutena",0.467389415087267
"138","Nyanga",0.462958467963675
"139","Tshikapa",0.449091113654595
"140","Bena Leka",0.443699699492076
"141","Bena Tshadi",0.442914557370279
"142","Bilomba",0.442115842263587
"143","Bobozo",0.443194348787923
"144","Bunkonde",0.443847694370057
"145","Demba",0.442391090346029
"146","Dibaya",0.483947095847144
"147","Kananga",0.443362244121943
"148","Katende",0.460752680867013
"149","Katoka",0.442891279206225
"150","Lubondaie",0.466403268317424
"151","Lubunga (Kasaï-Central)",0.488293076734914
"152","Lukonga",0.443233411731365
"153","Mikalayi",0.442615395621239
"154","Muetshi",0.442594125955675
"155","Mutoto",0.444816335419886
"156","Ndekesha",0.443080448209049
"157","Ndesha",0.442837657843979
"158","Tshikaji",0.443288268825944
"159","Tshikula",0.456252138245994
"160","Kalomba",0.447921840565899
"161","Luambo",0.467484515240504
"162","Luiza",0.442564522146576
"163","Masuika",0.469955908130868
"164","Tshibala",0.447104057635779
"165","Yangala",0.510836223474668
"166","Bibanga",0.585347267932377
"167","Bipemba",0.54943869967986
"168","Bonzola",0.554643723350249
"169","Cilundu",0.567654271607231
"170","Citenge",0.559258224192936
"171","Dibindi",0.554118473423023
"172","Diulu",0.550375343541002
"173","Kabeya Kamwanga",0.514683689366982
"174","Kansele",0.552138472497288
"175","Kasansa",0.599615929113673
"176","Lubilanji",0.554587222945281
"177","Lukelenge",0.55399146956554
"178","Miabi",0.55385313511651
"179","Mpokolo",0.547860688749207
"180","Mukumbi",0.529410142820296
"181","Muya",0.55135337469744
"182","Nzaba",0.551844974983906
"183","Tshilenge",0.578196909849734
"184","Tshishimbi",0.560707431604325
"185","Bumbu",0.494202146157797
"186","Kalamu 1",0.496371192345694
"187","Kalamu 2",0.498032752127865
"188","Kasa Vubu",0.493346781564168
"189","Kingabwa",0.505665498431847
"190","Kisenso",0.508827559339555
"191","Lemba",0.503296670482822
"192","Limete",0.501152668785848
"193","Makala",0.498283098433957
"194","Matete",0.507734581633987
"195","Ngaba",0.50112627289024
"196","Ngiri Ngiri",0.49358501936801
"197","Biyela",0.521662158098766
"198","Kikimi",0.525572007635325
"199","Kimbanseke",0.5169633065811
"200","Kingasani",0.519468412852951
"201","Maluku 1",0.534175567444226
"202","Maluku 2",0.560335904988906
"203","Masina 1",0.512746395920857
"204","Masina 2",0.518994960187872
"205","Ndjili",0.513956968382397
"206","Nsele",0.536079729215956
"207","Bandalungwa",0.488839931292902
"208","Barumbu",0.495204842351164
"209","Binza Meteo",0.487835775926791
"210","Binza Ozone",0.475266916240581
"211","Gombe",0.488412349406201
"212","Kinshasa",0.492629995175845
"213","Kintambo",0.485764492915798
"214","Kokolo",0.486792192714845
"215","Lingwala",0.490567320567603
"216","Mont Ngafula 1",0.5009631218478
"217","Mont Ngafula 2",0.472236614333896
"218","Police",0.50834381449282
"219","Selembao",0.494718464412138
"220","Boma",0.531983929107191
"221","Boma Bungu",0.531813614804222
"222","Kangu",0.540745042352913
"223","Kinkonzi",0.455095215785376
"224","Kitona",0.567224206434729
"225","Kizu",0.523305209888413
"226","Kuimba",0.569248251977319
"227","Lukula",0.537321734441853
"228","Muanda",0.578628333279797
"229","Tshela",0.539773129510781
"230","Vaku",0.526671010969847
"231","Inga",0.528771802559433
"232","Kibunzi",0.490294367023124
"233","Luozi",0.46384255799036
"234","Mangembo",0.401995646804979
"235","Matadi",0.531806546259305
"236","Nsona Mpangu",0.53063856127155
"237","Nzanza",0.531523996207435
"238","Seke Banza",0.51225934942653
"239","Boko Kivulu",0.522257824043214
"240","Gombe Matadi",0.465852268064786
"241","Kimpangu",0.533634243555226
"242","Kimpese",0.528315844145762
"243","Kimvula",0.513098669648297
"244","Kisantu",0.518801642505079
"245","Kwilu Ngongo",0.529982253644638
"246","Massa",0.486301256066279
"247","Mbanza Ngungu",0.525429315231713
"248","Ngidinga",0.532000091673683
"249","Nselo",0.531089473330275
"250","Sona Bata",0.506040696223956
"251","Kahemba",0.454924851324753
"252","Kajiji",0.455110877578936
"253","Kisanji",0.491820187033164
"254","Panzi",0.444261204836979
"255","Tembo",0.486921958287882
"256","Boko",0.469998771317568
"257","Feshi",0.474750660456005
"258","Kasongo Lunda",0.477304246698234
"259","Kenge",0.482621672703935
"260","Kimbao",0.459581405376131
"261","Kitenda",0.455247195699325
"262","Mwela Lembwa",0.455536446921593
"263","Popokabaka",0.469553285894571
"264","Wamba Lwadi",0.444905386745154
"265","Bagata",0.573390877970973
"266","Bandundu",0.525724853024181
"267","Djuma",0.583392901697321
"268","Kikongo",0.553947398563079
"269","Sia",0.564784247552538
"270","Vanga",0.584507656196726
"271","Bulungu",0.584999975938745
"272","Gungu",0.564204416198252
"273","Idiofa",0.584642905368162
"274","Ipamu",0.554799091826753
"275","Kikwit Nord",0.584999978542328
"276","Kikwit Sud",0.584999978542328
"277","Kimputu",0.580622694588569
"278","Kingandu",0.560556770002329
"279","Koshibanda",0.555153068565334
"280","Lusanga",0.584957962877419
"281","Masi Manimba",0.561988381118999
"282","Moanza",0.540195834355653
"283","Mokala",0.563191021106441
"284","Mosango",0.581358041353523
"285","Mukedi",0.557569904146683
"286","Mungindu",0.5836601573749
"287","Pay Kongila",0.563335281190383
"288","Yasa Bonga",0.57254878786235
"289","Kabinda",0.643988129567003
"290","Kalambayi Kabanga",0.637073622543382
"291","Kalonda Est",0.63465180766221
"292","Kamana",0.649903387719159
"293","Lubao",0.638642731597341
"294","Ludimbi Lukula",0.615808981180711
"295","Mulumba",0.626057897635321
"296","Ngandajika",0.640677127123635
"297","Tshofa",0.626709471295091
"298","Kalenda",0.60142258712218
"299","Kamiji",0.581470343800703
"300","Kanda Kanda",0.627301019285845
"301","Luputa",0.637669598116686
"302","Makota",0.600321021898956
"303","Mweneditu",0.602690776631596
"304","Wikong",0.586337720713914
"305","Dilolo",0.560116555705776
"306","Kafakumba",0.569710308891288
"307","Kalamba",0.573063007235071
"308","Kapanga",0.558898166888647
"309","Kasaji",0.568087257691483
"310","Sandoa",0.569260322988438
"311","Bunkeya",0.577612341843191
"312","Dilala",0.56902897298014
"313","Fungurume",0.572294460878978
"314","Kanzenze",0.569145331340961
"315","Lualaba",0.569491310898326
"316","Lubudi",0.571061461466063
"317","Manika",0.569001639030511
"318","Mutshatsha",0.569533408863415
"319","Banzow Moke",0.481910100814331
"320","Inongo",0.488094054754819
"321","Kiri",0.472090477610647
"322","Mimia",0.48933035677024
"323","Ntandembelo",0.465403444910334
"324","Oshwe",0.506680132484727
"325","Pendjwa",0.427376863653438
"326","Yumbi",0.384398352644515
"327","Bokoro",0.505314854864767
"328","Bolobo",0.391510850601425
"329","Bosobe",0.518753552077381
"330","Kwamouth",0.484375416891439
"331","Mushie",0.500223367546018
"332","Nioki",0.50499554619698
"333","Kabambare",0.498800051200165
"334","Kampene",0.479217696316909
"335","Kasongo",0.476258238252724
"336","Kibombo",0.47671432894667
"337","Kunda",0.479101876412937
"338","Lusangi",0.499561486255764
"339","Saramabila",0.485716868071247
"340","Tunda",0.476987819943456
"341","Alunguli",0.476000010967254
"342","Kailo",0.47715408362457
"343","Kalima",0.483659293231312
"344","Kindu",0.476000010967255
"345","Pangi",0.483314749572211
"346","Samba",0.485955159394253
"347","Ferekeni",0.508154681917301
"348","Lubutu",0.515927085590036
"349","Obokote",0.523038599189477
"350","Punia",0.488984104813742
"351","Bumba",0.421661101388527
"352","Lolo",0.454083077661351
"353","Yamaluka",0.396949578170903
"354","Yambuku",0.381651114884024
"355","Yamongili",0.418304448318006
"356","Binga",0.404632114579761
"357","Bongandanga",0.368032660665933
"358","Boso Manzi",0.393866524422228
"359","Boso Mondanda",0.380097568548496
"360","Bosondjo",0.386781500371238
"361","Lisala",0.376337450549023
"362","Pimu",0.376441224848171
"363","Alimbongo",0.642090322351657
"364","Beni",0.622299986609748
"365","Biena",0.642018938886358
"366","Butembo",0.638776925105464
"367","Kalunguta",0.633903474955078
"368","Kamango",0.566010439600977
"369","Katwa",0.633936640414137
"370","Kyondo",0.613440221399916
"371","Lubero",0.637578485899556
"372","Mabalako",0.63482520734762
"373","Manguredjipa",0.639464689912862
"374","Masereka",0.629964354745494
"375","Musienene",0.640930590427823
"376","Mutwanga",0.585161463848372
"377","Oicha",0.627858328106593
"378","Vuhovi",0.62268070501023
"379","Bambo",0.63981486093954
"380","Binza",0.550338560585824
"381","Birambizo",0.64064553105451
"382","Goma",0.519574006298527
"383","Itebero",0.620710211878425
"384","Karisimbi",0.51869039474729
"385","Katoyi",0.604591031266185
"386","Kayna",0.642551559894059
"387","Kibirizi",0.640498903640133
"388","Kibua",0.639005867701227
"389","Kirotshe",0.578241778582811
"390","Masisi",0.624751736814697
"391","Mweso",0.640820133154947
"392","Nyiragongo",0.524699012492129
"393","Pinga",0.642689208193191
"394","Rutshuru",0.575625274113247
"395","Rwanguba",0.537765781323408
"396","Walikale",0.625019274503562
"397","Abuzi",0.37996312960622
"398","Bili (Nord-Ubangi)",0.425755401504136
"399","Bosobolo",0.427278384784895
"400","Businga",0.384143041138167
"401","Gbadolite",0.389242818971308
"402","Karawa",0.425372169800334
"403","Loko",0.395568421507775
"404","Mobayi Mbongo",0.388434660328176
"405","Wapinda",0.396875859887091
"406","Wasolo",0.415075438194885
"407","Yakoma",0.442326031194089
"408","Bena Dibele",0.444046959455757
"409","Djalo Ndjeka",0.444000796132818
"410","Katako Kombe",0.446419376157187
"411","Kole",0.444489259762233
"412","Lodja",0.444000005722046
"413","Lomela",0.438115434271002
"414","Lusambo",0.443807319099348
"415","Omendjadi",0.443999889137607
"416","Ototo",0.444000005722046
"417","Tshudi Loto",0.434580654669388
"418","Vanga Kete",0.444000005722046
"419","Dikungu",0.44597105492403
"420","Minga",0.46593658307554
"421","Pania Mutombo",0.485484318512124
"422","Tshumbe",0.451744219794226
"423","Wembo Nyama",0.448866300910099
"424","Bagira",0.498931994982985
"425","Bunyakiri",0.557110059950295
"426","Ibanda",0.490461787974596
"427","Idjwi",0.474162555637154
"428","Kabare",0.507793652783673
"429","Kadutu",0.495454972310898
"430","Kalehe",0.518866934373499
"431","Kalole",0.513503605212811
"432","Kalonge",0.521015179647202
"433","Kamituga",0.525971488150938
"434","Kaniola",0.520241319473738
"435","Katana",0.493951317785547
"436","Kaziba",0.499092718282694
"437","Kitutu",0.525997652378304
"438","Lulingu",0.516207357634252
"439","Minova",0.544657147876729
"440","Miti Murhesa",0.506849158069916
"441","Mubumbano",0.516489920492525
"442","Mulungu",0.526045044155388
"443","Mwana",0.518050017901161
"444","Mwenga",0.523549736934226
"445","Nyangezi",0.478749565333815
"446","Nyantende",0.489813679940165
"447","Shabunda",0.517638133995662
"448","Walungu",0.51537261994085
"449","Fizi",0.546094381991264
"450","Haut Plateau",0.510679843020499
"451","Itombwe",0.5254196085253
"452","Kimbi Lulenge",0.516530933818497
"453","Lemera",0.470324570644175
"454","Minembwe",0.524663961579376
"455","Nundu",0.526043947141726
"456","Ruzizi",0.463133272441477
"457","Uvira",0.489556215559581
"458","Bangabola",0.48806985389272
"459","Bogosenubea",0.474279841499323
"460","Bokonzi",0.474941460099948
"461","Bominenge",0.463250786317662
"462","Boto",0.492567257827929
"463","Budjala",0.492347731661392
"464","Bulu",0.471001113850218
"465","Bwamanda",0.495009099720958
"466","Gemena",0.49104520888286
"467","Kungu",0.491393364138639
"468","Libenge",0.488417092364918
"469","Mawuya",0.476109663669414
"470","Mbaya",0.460712532460484
"471","Ndage",0.439450546902413
"472","Tandala",0.495925106284623
"473","Zongo",0.530973870086309
"474","Bafwagbogbo",0.615368921805226
"475","Bafwasende",0.635962305460367
"476","Banalia",0.612358424799457
"477","Bengamisa",0.637000024318694
"478","Kabondo",0.637000024318695
"479","Lowa",0.605506665634416
"480","Lubunga (Tshopo)",0.637000024318696
"481","Makiso Kisangani",0.637000024318695
"482","Mangobo",0.637000024318695
"483","Opala",0.604689131235416
"484","Opienge",0.634084355599702
"485","Tshopo",0.637000024318695
"486","Ubundu",0.636966359632933
"487","Wanierukula",0.635742768026903
"488","Yahisuli",0.631913793921966
"489","Yakusu",0.637000024318694
"490","Yaleko",0.636926008396231
"491","Basali",0.634310354595157
"492","Basoko",0.63699772283867
"493","Isangi",0.637000024318696
"494","Yabaondo",0.636992841921207
"495","Yahuma",0.602688570407304
"496","Yalimbongo",0.568543305893851
"497","Befale",0.335008922085987
"498","Boende",0.331256814521637
"499","Djolu",0.378645460390461
"500","Lingomo",0.355953813307671
"501","Mompono",0.328639738412498
"502","Monkoto",0.340165522303465
"503","Wema",0.328020550230249
"504","Bokungu",0.328103069329741
"505","Busanga",0.32801627261607
"506","Ikela",0.381451466418742
"507","Mondombe",0.333610199418624
"508","Yalifafu",0.330285395514673
"509","Ankoro",0.60299405969676
"510","Kabalo",0.605576212414055
"511","Kalemie",0.604366066945698
"512","Kansimba",0.604249587859852
"513","Kiambi",0.599967295463737
"514","Kongolo",0.601467552146023
"515","Manono",0.601322403525116
"516","Mbulula",0.595680602993243
"517","Moba",0.601920648041768
"518","Nyemba",0.602417858785457
"519","Nyunzu",0.603221509843405
